yrmo,fips,year,month,st_abb,st_code,state,co_code,co_name,crop_name,crop_code,col_des,col_code,indemnity
201906,20003,2019,6,KS,20,KANSAS,3,ANDERSON,WHEAT,11,WIND/EXCESS WIND,61,6063.9
201907,20007,2019,7,KS,20,KANSAS,7,BARBER,WHEAT,11,HOT WIND,62,1251.0
201906,20007,2019,6,KS,20,KANSAS,7,BARBER,COTTON,21,WIND/EXCESS WIND,61,8664.5
201909,20007,2019,9,KS,20,KANSAS,7,BARBER,CORN,41,WIND/EXCESS WIND,61,1888.0
201908,20007,2019,8,KS,20,KANSAS,7,BARBER,CORN,41,WIND/EXCESS WIND,61,1198.0
201910,20009,2019,10,KS,20,KANSAS,9,BARTON,CORN,41,WIND/EXCESS WIND,61,1993.0
201908,20009,2019,8,KS,20,KANSAS,9,BARTON,CORN,41,HOT WIND,62,3432.0
201910,20009,2019,10,KS,20,KANSAS,9,BARTON,GRAIN SORGHUM,51,HOT WIND,62,123.0
201906,20013,2019,6,KS,20,KANSAS,13,BROWN,SOYBEANS,81,HOT WIND,62,531.0
201906,20015,2019,6,KS,20,KANSAS,15,BUTLER,CORN,41,WIND/EXCESS WIND,61,1131.7
201907,20015,2019,7,KS,20,KANSAS,15,BUTLER,CORN,41,HOT WIND,62,9474.5
201911,20015,2019,11,KS,20,KANSAS,15,BUTLER,GRAIN SORGHUM,51,WIND/EXCESS WIND,61,1656.0
201907,20015,2019,7,KS,20,KANSAS,15,BUTLER,SOYBEANS,81,HOT WIND,62,1616.6
201910,20023,2019,10,KS,20,KANSAS,23,CHEYENNE,CORN,41,WIND/EXCESS WIND,61,-1670.0
201910,20023,2019,10,KS,20,KANSAS,23,CHEYENNE,CORN,41,WIND/EXCESS WIND,61,431285.09
201911,20023,2019,11,KS,20,KANSAS,23,CHEYENNE,CORN,41,WIND/EXCESS WIND,61,11079.0
201909,20023,2019,9,KS,20,KANSAS,23,CHEYENNE,CORN,41,WIND/EXCESS WIND,61,136296.71
201910,20023,2019,10,KS,20,KANSAS,23,CHEYENNE,DRY BEANS,47,WIND/EXCESS WIND,61,4931.0
201909,20023,2019,9,KS,20,KANSAS,23,CHEYENNE,DRY BEANS,47,WIND/EXCESS WIND,61,4931.0
201910,20023,2019,10,KS,20,KANSAS,23,CHEYENNE,GRAIN SORGHUM,51,WIND/EXCESS WIND,61,14407.0
201910,20023,2019,10,KS,20,KANSAS,23,CHEYENNE,GRAIN SORGHUM,51,WIND/EXCESS WIND,61,477.0
201908,20025,2019,8,KS,20,KANSAS,25,CLARK,CORN,41,WIND/EXCESS WIND,61,1442.0
201911,20025,2019,11,KS,20,KANSAS,25,CLARK,GRAIN SORGHUM,51,WIND/EXCESS WIND,61,3419.0
201908,20025,2019,8,KS,20,KANSAS,25,CLARK,GRAIN SORGHUM,51,HOT WIND,62,781.8
201906,20027,2019,6,KS,20,KANSAS,27,CLAY,WHEAT,11,WIND/EXCESS WIND,61,1552.0
201911,20027,2019,11,KS,20,KANSAS,27,CLAY,CORN,41,WIND/EXCESS WIND,61,215.0
201907,20027,2019,7,KS,20,KANSAS,27,CLAY,CORN,41,WIND/EXCESS WIND,61,2142.0
201907,20027,2019,7,KS,20,KANSAS,27,CLAY,CORN,41,WIND/EXCESS WIND,61,1976.0
201906,20027,2019,6,KS,20,KANSAS,27,CLAY,CORN,41,WIND/EXCESS WIND,61,2555.0
201908,20029,2019,8,KS,20,KANSAS,29,CLOUD,CORN,41,WIND/EXCESS WIND,61,3011.0
201908,20033,2019,8,KS,20,KANSAS,33,COMANCHE,GRAIN SORGHUM,51,HOT WIND,62,6637.0
201911,20035,2019,11,KS,20,KANSAS,35,COWLEY,GRAIN SORGHUM,51,WIND/EXCESS WIND,61,5991.0
201910,20035,2019,10,KS,20,KANSAS,35,COWLEY,GRAIN SORGHUM,51,WIND/EXCESS WIND,61,3061.5
201904,20037,2019,4,KS,20,KANSAS,37,CRAWFORD,CORN,41,WIND/EXCESS WIND,61,1067.0
201909,20039,2019,9,KS,20,KANSAS,39,DECATUR,CORN,41,WIND/EXCESS WIND,61,9821.05
201910,20039,2019,10,KS,20,KANSAS,39,DECATUR,CORN,41,WIND/EXCESS WIND,61,171390.25
201911,20039,2019,11,KS,20,KANSAS,39,DECATUR,CORN,41,WIND/EXCESS WIND,61,50572.0
201912,20039,2019,12,KS,20,KANSAS,39,DECATUR,CORN,41,WIND/EXCESS WIND,61,48195.0
201909,20039,2019,9,KS,20,KANSAS,39,DECATUR,CORN,41,WIND/EXCESS WIND,61,17892.75
201910,20039,2019,10,KS,20,KANSAS,39,DECATUR,CORN,41,WIND/EXCESS WIND,61,5603.35
201908,20039,2019,8,KS,20,KANSAS,39,DECATUR,CORN,41,WIND/EXCESS WIND,61,18860.0
201907,20039,2019,7,KS,20,KANSAS,39,DECATUR,CORN,41,WIND/EXCESS WIND,61,8139.0
201910,20039,2019,10,KS,20,KANSAS,39,DECATUR,GRAIN SORGHUM,51,WIND/EXCESS WIND,61,7306.0
201910,20039,2019,10,KS,20,KANSAS,39,DECATUR,GRAIN SORGHUM,51,WIND/EXCESS WIND,61,46690.0
201909,20039,2019,9,KS,20,KANSAS,39,DECATUR,SOYBEANS,81,WIND/EXCESS WIND,61,1532.0
201907,20043,2019,7,KS,20,KANSAS,43,DONIPHAN,CORN,41,WIND/EXCESS WIND,61,14164.0
201905,20045,2019,5,KS,20,KANSAS,45,DOUGLAS,WHEAT,11,TORNADO,64,3228.8
201905,20045,2019,5,KS,20,KANSAS,45,DOUGLAS,CORN,41,TORNADO,64,3944.0
201908,20051,2019,8,KS,20,KANSAS,51,ELLIS,CORN,41,WIND/EXCESS WIND,61,302.0
201908,20051,2019,8,KS,20,KANSAS,51,ELLIS,GRAIN SORGHUM,51,WIND/EXCESS WIND,61,727.9
201910,20051,2019,10,KS,20,KANSAS,51,ELLIS,GRAIN SORGHUM,51,WIND/EXCESS WIND,61,7826.4
201903,20053,2019,3,KS,20,KANSAS,53,ELLSWORTH,WHEAT,11,WIND/EXCESS WIND,61,7060.4
201910,20053,2019,10,KS,20,KANSAS,53,ELLSWORTH,CORN,41,WIND/EXCESS WIND,61,1779.0
201904,20055,2019,4,KS,20,KANSAS,55,FINNEY,WHEAT,11,HOT WIND,62,36131.0
201910,20055,2019,10,KS,20,KANSAS,55,FINNEY,CORN,41,WIND/EXCESS WIND,61,48217.0
201909,20055,2019,9,KS,20,KANSAS,55,FINNEY,CORN,41,WIND/EXCESS WIND,61,20888.0
201907,20055,2019,7,KS,20,KANSAS,55,FINNEY,CORN,41,HOT WIND,62,13059.0
201907,20055,2019,7,KS,20,KANSAS,55,FINNEY,CORN,41,HOT WIND,62,6035.0
201908,20055,2019,8,KS,20,KANSAS,55,FINNEY,CORN,41,HOT WIND,62,11518.25
201910,20055,2019,10,KS,20,KANSAS,55,FINNEY,CORN,41,HOT WIND,62,52396.0
201907,20055,2019,7,KS,20,KANSAS,55,FINNEY,CORN,41,HOT WIND,62,35703.75
201908,20055,2019,8,KS,20,KANSAS,55,FINNEY,GRAIN SORGHUM,51,HOT WIND,62,520.5
201910,20055,2019,10,KS,20,KANSAS,55,FINNEY,GRAIN SORGHUM,51,HOT WIND,62,2196.0
201908,20055,2019,8,KS,20,KANSAS,55,FINNEY,SOYBEANS,81,HOT WIND,62,17372.0
201909,20055,2019,9,KS,20,KANSAS,55,FINNEY,SOYBEANS,81,HOT WIND,62,5461.0
201905,20057,2019,5,KS,20,KANSAS,57,FORD,WHEAT,11,WIND/EXCESS WIND,61,3771.6
201907,20057,2019,7,KS,20,KANSAS,57,FORD,WHEAT,11,HOT WIND,62,1781.0
201907,20057,2019,7,KS,20,KANSAS,57,FORD,CORN,41,WIND/EXCESS WIND,61,6661.0
201907,20057,2019,7,KS,20,KANSAS,57,FORD,CORN,41,HOT WIND,62,3737.0
201908,20057,2019,8,KS,20,KANSAS,57,FORD,CORN,41,HOT WIND,62,4568.0
201909,20057,2019,9,KS,20,KANSAS,57,FORD,GRAIN SORGHUM,51,WIND/EXCESS WIND,61,8366.0
201910,20057,2019,10,KS,20,KANSAS,57,FORD,GRAIN SORGHUM,51,WIND/EXCESS WIND,61,3957.0
201911,20057,2019,11,KS,20,KANSAS,57,FORD,GRAIN SORGHUM,51,WIND/EXCESS WIND,61,3.5
201907,20057,2019,7,KS,20,KANSAS,57,FORD,GRAIN SORGHUM,51,HOT WIND,62,182.16
201908,20057,2019,8,KS,20,KANSAS,57,FORD,GRAIN SORGHUM,51,HOT WIND,62,8690.36
201908,20057,2019,8,KS,20,KANSAS,57,FORD,SOYBEANS,81,HOT WIND,62,11598.0
201810,20063,2018,10,KS,20,KANSAS,63,GOVE,CORN,41,WIND/EXCESS WIND,61,28248.0
201908,20063,2019,8,KS,20,KANSAS,63,GOVE,CORN,41,WIND/EXCESS WIND,61,72977.0
201910,20063,2019,10,KS,20,KANSAS,63,GOVE,CORN,41,WIND/EXCESS WIND,61,1901.5
201909,20063,2019,9,KS,20,KANSAS,63,GOVE,CORN,41,WIND/EXCESS WIND,61,18682.77
201910,20063,2019,10,KS,20,KANSAS,63,GOVE,CORN,41,WIND/EXCESS WIND,61,25403.0
201910,20063,2019,10,KS,20,KANSAS,63,GOVE,CORN,41,WIND/EXCESS WIND,61,5647.0
201909,20063,2019,9,KS,20,KANSAS,63,GOVE,GRAIN SORGHUM,51,WIND/EXCESS WIND,61,28168.0
201910,20063,2019,10,KS,20,KANSAS,63,GOVE,GRAIN SORGHUM,51,WIND/EXCESS WIND,61,24878.0
201908,20063,2019,8,KS,20,KANSAS,63,GOVE,GRAIN SORGHUM,51,WIND/EXCESS WIND,61,447.0
201910,20063,2019,10,KS,20,KANSAS,63,GOVE,SUNFLOWERS,78,WIND/EXCESS WIND,61,26541.0
201908,20063,2019,8,KS,20,KANSAS,63,GOVE,SUNFLOWERS,78,WIND/EXCESS WIND,61,60323.0
201910,20065,2019,10,KS,20,KANSAS,65,GRAHAM,CORN,41,WIND/EXCESS WIND,61,84455.0
201907,20065,2019,7,KS,20,KANSAS,65,GRAHAM,CORN,41,WIND/EXCESS WIND,61,4145.5
201910,20065,2019,10,KS,20,KANSAS,65,GRAHAM,CORN,41,WIND/EXCESS WIND,61,431.0
201909,20065,2019,9,KS,20,KANSAS,65,GRAHAM,CORN,41,WIND/EXCESS WIND,61,22286.0
201908,20065,2019,8,KS,20,KANSAS,65,GRAHAM,CORN,41,WIND/EXCESS WIND,61,229118.0
201908,20065,2019,8,KS,20,KANSAS,65,GRAHAM,CORN,41,HOT WIND,62,522.0
201909,20065,2019,9,KS,20,KANSAS,65,GRAHAM,GRAIN SORGHUM,51,WIND/EXCESS WIND,61,5201.0
201910,20065,2019,10,KS,20,KANSAS,65,GRAHAM,GRAIN SORGHUM,51,WIND/EXCESS WIND,61,19246.5
201907,20067,2019,7,KS,20,KANSAS,67,GRANT,CORN,41,HOT WIND,62,77742.7
201909,20067,2019,9,KS,20,KANSAS,67,GRANT,CORN,41,HOT WIND,62,1866.0
201908,20067,2019,8,KS,20,KANSAS,67,GRANT,CORN,41,HOT WIND,62,81793.6
201909,20067,2019,9,KS,20,KANSAS,67,GRANT,GRAIN SORGHUM,51,WIND/EXCESS WIND,61,4023.2
201908,20067,2019,8,KS,20,KANSAS,67,GRANT,GRAIN SORGHUM,51,HOT WIND,62,4224.4
201908,20067,2019,8,KS,20,KANSAS,67,GRANT,GRAIN SORGHUM,51,HOT WIND,62,19047.7
201907,20067,2019,7,KS,20,KANSAS,67,GRANT,GRAIN SORGHUM,51,HOT WIND,62,7494.8
201906,20067,2019,6,KS,20,KANSAS,67,GRANT,SILAGE SORGHUM,59,HOT WIND,62,18860.0
201909,20067,2019,9,KS,20,KANSAS,67,GRANT,SOYBEANS,81,WIND/EXCESS WIND,61,2074.0
201909,20067,2019,9,KS,20,KANSAS,67,GRANT,SOYBEANS,81,HOT WIND,62,5104.0
201907,20069,2019,7,KS,20,KANSAS,69,GRAY,CORN,41,WIND/EXCESS WIND,61,18946.5
201909,20069,2019,9,KS,20,KANSAS,69,GRAY,CORN,41,WIND/EXCESS WIND,61,9092.0
201907,20069,2019,7,KS,20,KANSAS,69,GRAY,CORN,41,HOT WIND,62,191589.5
201908,20069,2019,8,KS,20,KANSAS,69,GRAY,CORN,41,HOT WIND,62,239799.0
201910,20069,2019,10,KS,20,KANSAS,69,GRAY,CORN,41,HOT WIND,62,123460.0
201907,20069,2019,7,KS,20,KANSAS,69,GRAY,CORN,41,HOT WIND,62,-7070.0
201909,20069,2019,9,KS,20,KANSAS,69,GRAY,CORN,41,HOT WIND,62,15946.0
201907,20069,2019,7,KS,20,KANSAS,69,GRAY,GRAIN SORGHUM,51,HOT WIND,62,27301.5
201910,20069,2019,10,KS,20,KANSAS,69,GRAY,GRAIN SORGHUM,51,HOT WIND,62,4800.0
201908,20069,2019,8,KS,20,KANSAS,69,GRAY,GRAIN SORGHUM,51,HOT WIND,62,90476.0
201907,20069,2019,7,KS,20,KANSAS,69,GRAY,GRAIN SORGHUM,51,HOT WIND,62,644.0
201909,20069,2019,9,KS,20,KANSAS,69,GRAY,GRAIN SORGHUM,51,HOT WIND,62,1073.6
201906,20069,2019,6,KS,20,KANSAS,69,GRAY,SOYBEANS,81,WIND/EXCESS WIND,61,21890.5
201910,20069,2019,10,KS,20,KANSAS,69,GRAY,SOYBEANS,81,HOT WIND,62,29124.0
201908,20069,2019,8,KS,20,KANSAS,69,GRAY,SOYBEANS,81,HOT WIND,62,38027.0
201909,20071,2019,9,KS,20,KANSAS,71,GREELEY,GRAIN SORGHUM,51,WIND/EXCESS WIND,61,2663.25
201910,20071,2019,10,KS,20,KANSAS,71,GREELEY,GRAIN SORGHUM,51,WIND/EXCESS WIND,61,592.0
201907,20071,2019,7,KS,20,KANSAS,71,GREELEY,SILAGE SORGHUM,59,HOT WIND,62,84318.0
201908,20071,2019,8,KS,20,KANSAS,71,GREELEY,SILAGE SORGHUM,59,HOT WIND,62,3385.0
201908,20071,2019,8,KS,20,KANSAS,71,GREELEY,SILAGE SORGHUM,59,HOT WIND,62,12165.0
201906,20075,2019,6,KS,20,KANSAS,75,HAMILTON,CORN,41,HOT WIND,62,294.0
201907,20075,2019,7,KS,20,KANSAS,75,HAMILTON,CORN,41,HOT WIND,62,16500.0
201907,20075,2019,7,KS,20,KANSAS,75,HAMILTON,CORN,41,HOT WIND,62,12472.5
201908,20075,2019,8,KS,20,KANSAS,75,HAMILTON,CORN,41,HOT WIND,62,293.0
201908,20075,2019,8,KS,20,KANSAS,75,HAMILTON,GRAIN SORGHUM,51,WIND/EXCESS WIND,61,7011.0
201911,20075,2019,11,KS,20,KANSAS,75,HAMILTON,GRAIN SORGHUM,51,WIND/EXCESS WIND,61,456.0
201908,20075,2019,8,KS,20,KANSAS,75,HAMILTON,GRAIN SORGHUM,51,HOT WIND,62,534.0
201908,20075,2019,8,KS,20,KANSAS,75,HAMILTON,GRAIN SORGHUM,51,HOT WIND,62,13784.0
201906,20077,2019,6,KS,20,KANSAS,77,HARPER,CANOLA,15,WIND/EXCESS WIND,61,15756.0
201911,20077,2019,11,KS,20,KANSAS,77,HARPER,GRAIN SORGHUM,51,WIND/EXCESS WIND,61,59714.0
201911,20077,2019,11,KS,20,KANSAS,77,HARPER,GRAIN SORGHUM,51,WIND/EXCESS WIND,61,-13451.0
201908,20079,2019,8,KS,20,KANSAS,79,HARVEY,CORN,41,HOT WIND,62,513.55
201910,20079,2019,10,KS,20,KANSAS,79,HARVEY,GRAIN SORGHUM,51,WIND/EXCESS WIND,61,603.0
201904,20081,2019,4,KS,20,KANSAS,81,HASKELL,WHEAT,11,WIND/EXCESS WIND,61,2867.41
201904,20081,2019,4,KS,20,KANSAS,81,HASKELL,WHEAT,11,WIND/EXCESS WIND,61,2047.9
201906,20081,2019,6,KS,20,KANSAS,81,HASKELL,WHEAT,11,HOT WIND,62,7456.0
201907,20081,2019,7,KS,20,KANSAS,81,HASKELL,WHEAT,11,HOT WIND,62,211.1
201906,20081,2019,6,KS,20,KANSAS,81,HASKELL,CORN,41,WIND/EXCESS WIND,61,760.0
201909,20081,2019,9,KS,20,KANSAS,81,HASKELL,CORN,41,HOT WIND,62,10922.85
201907,20081,2019,7,KS,20,KANSAS,81,HASKELL,CORN,41,HOT WIND,62,9368.25
201908,20081,2019,8,KS,20,KANSAS,81,HASKELL,CORN,41,HOT WIND,62,7281.9
201909,20081,2019,9,KS,20,KANSAS,81,HASKELL,SOYBEANS,81,HOT WIND,62,12853.0
201907,20083,2019,7,KS,20,KANSAS,83,HODGEMAN,CORN,41,WIND/EXCESS WIND,61,9759.5
201907,20083,2019,7,KS,20,KANSAS,83,HODGEMAN,CORN,41,WIND/EXCESS WIND,61,-1125.0
201907,20083,2019,7,KS,20,KANSAS,83,HODGEMAN,CORN,41,HOT WIND,62,12721.0
201908,20083,2019,8,KS,20,KANSAS,83,HODGEMAN,CORN,41,HOT WIND,62,4759.0
201908,20083,2019,8,KS,20,KANSAS,83,HODGEMAN,CORN,41,HOT WIND,62,7780.0
201907,20083,2019,7,KS,20,KANSAS,83,HODGEMAN,CORN,41,HOT WIND,62,288.0
201907,20083,2019,7,KS,20,KANSAS,83,HODGEMAN,CORN,41,HOT WIND,62,7316.5
201907,20083,2019,7,KS,20,KANSAS,83,HODGEMAN,GRAIN SORGHUM,51,WIND/EXCESS WIND,61,463.0
201907,20083,2019,7,KS,20,KANSAS,83,HODGEMAN,GRAIN SORGHUM,51,HOT WIND,62,2163.0
201908,20083,2019,8,KS,20,KANSAS,83,HODGEMAN,GRAIN SORGHUM,51,HOT WIND,62,3026.0
201904,20093,2019,4,KS,20,KANSAS,93,KEARNY,WHEAT,11,HOT WIND,62,22410.0
201906,20093,2019,6,KS,20,KANSAS,93,KEARNY,WHEAT,11,HOT WIND,62,272.0
201908,20093,2019,8,KS,20,KANSAS,93,KEARNY,CORN,41,WIND/EXCESS WIND,61,6257.0
201908,20093,2019,8,KS,20,KANSAS,93,KEARNY,CORN,41,HOT WIND,62,5585.0
201909,20093,2019,9,KS,20,KANSAS,93,KEARNY,CORN,41,HOT WIND,62,1667.0
201911,20093,2019,11,KS,20,KANSAS,93,KEARNY,GRAIN SORGHUM,51,WIND/EXCESS WIND,61,0.0
201908,20093,2019,8,KS,20,KANSAS,93,KEARNY,GRAIN SORGHUM,51,WIND/EXCESS WIND,61,2728.0
201908,20093,2019,8,KS,20,KANSAS,93,KEARNY,GRAIN SORGHUM,51,HOT WIND,62,4314.0
201909,20093,2019,9,KS,20,KANSAS,93,KEARNY,GRAIN SORGHUM,51,HOT WIND,62,7571.0
201909,20093,2019,9,KS,20,KANSAS,93,KEARNY,GRAIN SORGHUM,51,HOT WIND,62,907.0
201812,20095,2018,12,KS,20,KANSAS,95,KINGMAN,WHEAT,11,WIND/EXCESS WIND,61,5701.0
201904,20095,2019,4,KS,20,KANSAS,95,KINGMAN,WHEAT,11,WIND/EXCESS WIND,61,435.6
201812,20095,2018,12,KS,20,KANSAS,95,KINGMAN,WHEAT,11,WIND/EXCESS WIND,61,1708.0
201906,20095,2019,6,KS,20,KANSAS,95,KINGMAN,CANOLA,15,WIND/EXCESS WIND,61,33191.0
201906,20095,2019,6,KS,20,KANSAS,95,KINGMAN,CANOLA,15,WIND/EXCESS WIND,61,27110.0
201906,20095,2019,6,KS,20,KANSAS,95,KINGMAN,CANOLA,15,HOT WIND,62,2634.0
201906,20095,2019,6,KS,20,KANSAS,95,KINGMAN,COTTON,21,WIND/EXCESS WIND,61,2256.0
201906,20095,2019,6,KS,20,KANSAS,95,KINGMAN,COTTON,21,WIND/EXCESS WIND,61,-9375.0
201906,20095,2019,6,KS,20,KANSAS,95,KINGMAN,COTTON,21,WIND/EXCESS WIND,61,28060.15
201907,20095,2019,7,KS,20,KANSAS,95,KINGMAN,CORN,41,HOT WIND,62,6863.01
201907,20095,2019,7,KS,20,KANSAS,95,KINGMAN,SOYBEANS,81,HOT WIND,62,6241.0
201908,20097,2019,8,KS,20,KANSAS,97,KIOWA,CORN,41,HOT WIND,62,11801.0
201909,20097,2019,9,KS,20,KANSAS,97,KIOWA,SOYBEANS,81,HOT WIND,62,2927.0
201905,20099,2019,5,KS,20,KANSAS,99,LABETTE,CORN,41,WIND/EXCESS WIND,61,1440.0
201910,20101,2019,10,KS,20,KANSAS,101,LANE,CORN,41,WIND/EXCESS WIND,61,2157.0
201908,20101,2019,8,KS,20,KANSAS,101,LANE,CORN,41,HOT WIND,62,22541.0
201908,20101,2019,8,KS,20,KANSAS,101,LANE,CORN,41,HOT WIND,62,29155.5
201909,20101,2019,9,KS,20,KANSAS,101,LANE,GRAIN SORGHUM,51,WIND/EXCESS WIND,61,195.0
201908,20101,2019,8,KS,20,KANSAS,101,LANE,GRAIN SORGHUM,51,HOT WIND,62,2439.5
201910,20101,2019,10,KS,20,KANSAS,101,LANE,GRAIN SORGHUM,51,HOT WIND,62,934.0
201905,20103,2019,5,KS,20,KANSAS,103,LEAVENWORTH,CORN,41,TORNADO,64,716.8
201905,20103,2019,5,KS,20,KANSAS,103,LEAVENWORTH,CORN,41,TORNADO,64,986.0
201908,20109,2019,8,KS,20,KANSAS,109,LOGAN,CORN,41,WIND/EXCESS WIND,61,3418.0
201906,20109,2019,6,KS,20,KANSAS,109,LOGAN,CORN,41,WIND/EXCESS WIND,61,3528.8
201909,20109,2019,9,KS,20,KANSAS,109,LOGAN,CORN,41,WIND/EXCESS WIND,61,11320.0
201910,20109,2019,10,KS,20,KANSAS,109,LOGAN,CORN,41,WIND/EXCESS WIND,61,24940.0
201906,20109,2019,6,KS,20,KANSAS,109,LOGAN,CORN,41,TORNADO,64,1690.0
201906,20109,2019,6,KS,20,KANSAS,109,LOGAN,CORN,41,TORNADO,64,3385.0
201910,20109,2019,10,KS,20,KANSAS,109,LOGAN,GRAIN SORGHUM,51,WIND/EXCESS WIND,61,6808.0
201910,20109,2019,10,KS,20,KANSAS,109,LOGAN,GRAIN SORGHUM,51,WIND/EXCESS WIND,61,7365.0
201910,20109,2019,10,KS,20,KANSAS,109,LOGAN,GRAIN SORGHUM,51,WIND/EXCESS WIND,61,1299.0
201905,20113,2019,5,KS,20,KANSAS,113,MCPHERSON,CORN,41,WIND/EXCESS WIND,61,8548.0
201905,20113,2019,5,KS,20,KANSAS,113,MCPHERSON,CORN,41,WIND/EXCESS WIND,61,-1017.0
201907,20113,2019,7,KS,20,KANSAS,113,MCPHERSON,CORN,41,HOT WIND,62,8377.04
201907,20113,2019,7,KS,20,KANSAS,113,MCPHERSON,CORN,41,HOT WIND,62,-996.66
201911,20113,2019,11,KS,20,KANSAS,113,MCPHERSON,GRAIN SORGHUM,51,WIND/EXCESS WIND,61,2415.0
201909,20115,2019,9,KS,20,KANSAS,115,MARION,CORN,41,WIND/EXCESS WIND,61,5370.0
201905,20115,2019,5,KS,20,KANSAS,115,MARION,CORN,41,WIND/EXCESS WIND,61,1834.0
201907,20117,2019,7,KS,20,KANSAS,117,MARSHALL,CORN,41,WIND/EXCESS WIND,61,37264.0
201911,20117,2019,11,KS,20,KANSAS,117,MARSHALL,CORN,41,WIND/EXCESS WIND,61,15888.0
201907,20117,2019,7,KS,20,KANSAS,117,MARSHALL,CORN,41,WIND/EXCESS WIND,61,36806.0
201906,20117,2019,6,KS,20,KANSAS,117,MARSHALL,SOYBEANS,81,WIND/EXCESS WIND,61,527.0
201904,20119,2019,4,KS,20,KANSAS,119,MEADE,WHEAT,11,WIND/EXCESS WIND,61,0.0
201904,20119,2019,4,KS,20,KANSAS,119,MEADE,WHEAT,11,WIND/EXCESS WIND,61,416.0
201906,20119,2019,6,KS,20,KANSAS,119,MEADE,COTTON,21,HOT WIND,62,4440.0
201907,20119,2019,7,KS,20,KANSAS,119,MEADE,CORN,41,HOT WIND,62,6549.0
201909,20119,2019,9,KS,20,KANSAS,119,MEADE,CORN,41,HOT WIND,62,26738.0
201909,20119,2019,9,KS,20,KANSAS,119,MEADE,GRAIN SORGHUM,51,HOT WIND,62,12783.0
201905,20123,2019,5,KS,20,KANSAS,123,MITCHELL,WHEAT,11,TORNADO,64,1268.0
201905,20123,2019,5,KS,20,KANSAS,123,MITCHELL,WHEAT,11,TORNADO,64,822.0
201910,20123,2019,10,KS,20,KANSAS,123,MITCHELL,GRAIN SORGHUM,51,WIND/EXCESS WIND,61,1431.0
201907,20125,2019,7,KS,20,KANSAS,125,MONTGOMERY,SOYBEANS,81,WIND/EXCESS WIND,61,268.0
201908,20127,2019,8,KS,20,KANSAS,127,MORRIS,CORN,41,WIND/EXCESS WIND,61,2067.0
201907,20127,2019,7,KS,20,KANSAS,127,MORRIS,CORN,41,HOT WIND,62,-3879.0
201907,20127,2019,7,KS,20,KANSAS,127,MORRIS,CORN,41,HOT WIND,62,8087.0
201911,20129,2019,11,KS,20,KANSAS,129,MORTON,CORN,41,HOT WIND,62,46894.0
201908,20129,2019,8,KS,20,KANSAS,129,MORTON,CORN,41,HOT WIND,62,214606.9
201908,20129,2019,8,KS,20,KANSAS,129,MORTON,CORN,41,HOT WIND,62,10932.0
201907,20129,2019,7,KS,20,KANSAS,129,MORTON,CORN,41,HOT WIND,62,10932.0
201907,20129,2019,7,KS,20,KANSAS,129,MORTON,CORN,41,HOT WIND,62,45185.15
201906,20129,2019,6,KS,20,KANSAS,129,MORTON,CORN,41,HOT WIND,62,20.9
201909,20129,2019,9,KS,20,KANSAS,129,MORTON,CORN,41,HOT WIND,62,121.45
201909,20129,2019,9,KS,20,KANSAS,129,MORTON,GRAIN SORGHUM,51,WIND/EXCESS WIND,61,3134.7
201908,20129,2019,8,KS,20,KANSAS,129,MORTON,GRAIN SORGHUM,51,WIND/EXCESS WIND,61,324.6
201909,20129,2019,9,KS,20,KANSAS,129,MORTON,GRAIN SORGHUM,51,WIND/EXCESS WIND,61,2008.0
201908,20129,2019,8,KS,20,KANSAS,129,MORTON,GRAIN SORGHUM,51,HOT WIND,62,5025.2
201906,20129,2019,6,KS,20,KANSAS,129,MORTON,GRAIN SORGHUM,51,HOT WIND,62,78.9
201909,20129,2019,9,KS,20,KANSAS,129,MORTON,GRAIN SORGHUM,51,HOT WIND,62,4637.2
201907,20129,2019,7,KS,20,KANSAS,129,MORTON,GRAIN SORGHUM,51,HOT WIND,62,8064.1
201910,20129,2019,10,KS,20,KANSAS,129,MORTON,GRAIN SORGHUM,51,HOT WIND,62,5454.0
201908,20129,2019,8,KS,20,KANSAS,129,MORTON,GRAIN SORGHUM,51,HOT WIND,62,19668.6
201907,20129,2019,7,KS,20,KANSAS,129,MORTON,GRAIN SORGHUM,51,HOT WIND,62,33273.3
201909,20129,2019,9,KS,20,KANSAS,129,MORTON,GRAIN SORGHUM,51,HOT WIND,62,4924.65
201911,20129,2019,11,KS,20,KANSAS,129,MORTON,GRAIN SORGHUM,51,HOT WIND,62,13123.0
201908,20129,2019,8,KS,20,KANSAS,129,MORTON,SILAGE SORGHUM,59,HOT WIND,62,7088.0
201907,20129,2019,7,KS,20,KANSAS,129,MORTON,SILAGE SORGHUM,59,HOT WIND,62,7088.0
201908,20129,2019,8,KS,20,KANSAS,129,MORTON,SUNFLOWERS,78,HOT WIND,62,31446.0
201909,20129,2019,9,KS,20,KANSAS,129,MORTON,SOYBEANS,81,HOT WIND,62,10111.0
201909,20135,2019,9,KS,20,KANSAS,135,NESS,CORN,41,WIND/EXCESS WIND,61,11236.0
201908,20135,2019,8,KS,20,KANSAS,135,NESS,CORN,41,WIND/EXCESS WIND,61,23722.6
201907,20135,2019,7,KS,20,KANSAS,135,NESS,CORN,41,HOT WIND,62,15300.52
201908,20135,2019,8,KS,20,KANSAS,135,NESS,CORN,41,HOT WIND,62,5703.8
201908,20135,2019,8,KS,20,KANSAS,135,NESS,CORN,41,HOT WIND,62,337.2
201908,20135,2019,8,KS,20,KANSAS,135,NESS,GRAIN SORGHUM,51,WIND/EXCESS WIND,61,6991.0
201910,20135,2019,10,KS,20,KANSAS,135,NESS,GRAIN SORGHUM,51,WIND/EXCESS WIND,61,83796.5
201910,20135,2019,10,KS,20,KANSAS,135,NESS,GRAIN SORGHUM,51,WIND/EXCESS WIND,61,25170.0
201908,20135,2019,8,KS,20,KANSAS,135,NESS,GRAIN SORGHUM,51,WIND/EXCESS WIND,61,10617.0
201908,20135,2019,8,KS,20,KANSAS,135,NESS,GRAIN SORGHUM,51,HOT WIND,62,1214.2
201909,20137,2019,9,KS,20,KANSAS,137,NORTON,CORN,41,WIND/EXCESS WIND,61,24600.0
201912,20137,2019,12,KS,20,KANSAS,137,NORTON,CORN,41,WIND/EXCESS WIND,61,6099.0
201910,20137,2019,10,KS,20,KANSAS,137,NORTON,CORN,41,WIND/EXCESS WIND,61,72222.0
201911,20137,2019,11,KS,20,KANSAS,137,NORTON,CORN,41,WIND/EXCESS WIND,61,24303.0
201907,20137,2019,7,KS,20,KANSAS,137,NORTON,CORN,41,WIND/EXCESS WIND,61,15593.0
201908,20137,2019,8,KS,20,KANSAS,137,NORTON,GRAIN SORGHUM,51,WIND/EXCESS WIND,61,750.0
201910,20137,2019,10,KS,20,KANSAS,137,NORTON,GRAIN SORGHUM,51,WIND/EXCESS WIND,61,7936.0
201910,20137,2019,10,KS,20,KANSAS,137,NORTON,GRAIN SORGHUM,51,WIND/EXCESS WIND,61,49229.0
201912,20137,2019,12,KS,20,KANSAS,137,NORTON,GRAIN SORGHUM,51,WIND/EXCESS WIND,61,4141.0
201905,20141,2019,5,KS,20,KANSAS,141,OSBORNE,WHEAT,11,TORNADO,64,26.8
201908,20141,2019,8,KS,20,KANSAS,141,OSBORNE,CORN,41,WIND/EXCESS WIND,61,3834.0
201907,20141,2019,7,KS,20,KANSAS,141,OSBORNE,CORN,41,HOT WIND,62,283.0
201910,20141,2019,10,KS,20,KANSAS,141,OSBORNE,GRAIN SORGHUM,51,WIND/EXCESS WIND,61,7241.5
201910,20141,2019,10,KS,20,KANSAS,141,OSBORNE,GRAIN SORGHUM,51,WIND/EXCESS WIND,61,985.0
201908,20141,2019,8,KS,20,KANSAS,141,OSBORNE,GRAIN SORGHUM,51,WIND/EXCESS WIND,61,9217.2
201907,20141,2019,7,KS,20,KANSAS,141,OSBORNE,SOYBEANS,81,HOT WIND,62,750.68
201908,20145,2019,8,KS,20,KANSAS,145,PAWNEE,CORN,41,WIND/EXCESS WIND,61,14510.5
201908,20145,2019,8,KS,20,KANSAS,145,PAWNEE,CORN,41,WIND/EXCESS WIND,61,645.0
201909,20145,2019,9,KS,20,KANSAS,145,PAWNEE,CORN,41,WIND/EXCESS WIND,61,4757.99
201907,20145,2019,7,KS,20,KANSAS,145,PAWNEE,CORN,41,WIND/EXCESS WIND,61,687.5
201907,20145,2019,7,KS,20,KANSAS,145,PAWNEE,CORN,41,HOT WIND,62,1515.5
201907,20145,2019,7,KS,20,KANSAS,145,PAWNEE,CORN,41,HOT WIND,62,826.75
201908,20145,2019,8,KS,20,KANSAS,145,PAWNEE,CORN,41,HOT WIND,62,10015.0
201908,20145,2019,8,KS,20,KANSAS,145,PAWNEE,GRAIN SORGHUM,51,WIND/EXCESS WIND,61,90.8
201908,20145,2019,8,KS,20,KANSAS,145,PAWNEE,GRAIN SORGHUM,51,WIND/EXCESS WIND,61,359.0
201907,20145,2019,7,KS,20,KANSAS,145,PAWNEE,GRAIN SORGHUM,51,HOT WIND,62,3208.0
201909,20147,2019,9,KS,20,KANSAS,147,PHILLIPS,CORN,41,WIND/EXCESS WIND,61,519.6
201910,20147,2019,10,KS,20,KANSAS,147,PHILLIPS,CORN,41,WIND/EXCESS WIND,61,2155.0
201906,20147,2019,6,KS,20,KANSAS,147,PHILLIPS,CORN,41,WIND/EXCESS WIND,61,4607.0
201910,20147,2019,10,KS,20,KANSAS,147,PHILLIPS,GRAIN SORGHUM,51,WIND/EXCESS WIND,61,11766.0
201911,20149,2019,11,KS,20,KANSAS,149,POTTAWATOMIE,GRAIN SORGHUM,51,WIND/EXCESS WIND,61,1287.5
201903,20151,2019,3,KS,20,KANSAS,151,PRATT,WHEAT,11,WIND/EXCESS WIND,61,4488.0
201907,20151,2019,7,KS,20,KANSAS,151,PRATT,WHEAT,11,HOT WIND,62,712.0
201905,20151,2019,5,KS,20,KANSAS,151,PRATT,COTTON,21,WIND/EXCESS WIND,61,103171.02
201908,20151,2019,8,KS,20,KANSAS,151,PRATT,CORN,41,WIND/EXCESS WIND,61,12299.0
201908,20151,2019,8,KS,20,KANSAS,151,PRATT,CORN,41,WIND/EXCESS WIND,61,37733.0
201907,20151,2019,7,KS,20,KANSAS,151,PRATT,CORN,41,HOT WIND,62,7943.9
201910,20151,2019,10,KS,20,KANSAS,151,PRATT,GRAIN SORGHUM,51,WIND/EXCESS WIND,61,897.0
201903,20153,2019,3,KS,20,KANSAS,153,RAWLINS,WHEAT,11,WIND/EXCESS WIND,61,19554.4
201909,20153,2019,9,KS,20,KANSAS,153,RAWLINS,CORN,41,WIND/EXCESS WIND,61,14738.6
201910,20153,2019,10,KS,20,KANSAS,153,RAWLINS,CORN,41,WIND/EXCESS WIND,61,16178.4
201911,20153,2019,11,KS,20,KANSAS,153,RAWLINS,CORN,41,WIND/EXCESS WIND,61,3533.5
201908,20153,2019,8,KS,20,KANSAS,153,RAWLINS,CORN,41,WIND/EXCESS WIND,61,13648.8
201910,20153,2019,10,KS,20,KANSAS,153,RAWLINS,CORN,41,WIND/EXCESS WIND,61,299951.7
201908,20153,2019,8,KS,20,KANSAS,153,RAWLINS,CORN,41,WIND/EXCESS WIND,61,0.0
201907,20153,2019,7,KS,20,KANSAS,153,RAWLINS,CORN,41,HOT WIND,62,8291.0
201911,20153,2019,11,KS,20,KANSAS,153,RAWLINS,GRAIN SORGHUM,51,WIND/EXCESS WIND,61,5809.0
201910,20153,2019,10,KS,20,KANSAS,153,RAWLINS,GRAIN SORGHUM,51,WIND/EXCESS WIND,61,37385.0
201910,20153,2019,10,KS,20,KANSAS,153,RAWLINS,GRAIN SORGHUM,51,WIND/EXCESS WIND,61,13685.0
201908,20153,2019,8,KS,20,KANSAS,153,RAWLINS,GRAIN SORGHUM,51,WIND/EXCESS WIND,61,2385.2
201910,20153,2019,10,KS,20,KANSAS,153,RAWLINS,GRAIN SORGHUM,51,WIND/EXCESS WIND,61,2475.0
201910,20153,2019,10,KS,20,KANSAS,153,RAWLINS,GRAIN SORGHUM,51,WIND/EXCESS WIND,61,9411.2
201910,20153,2019,10,KS,20,KANSAS,153,RAWLINS,SOYBEANS,81,WIND/EXCESS WIND,61,26529.0
201903,20155,2019,3,KS,20,KANSAS,155,RENO,WHEAT,11,WIND/EXCESS WIND,61,1424.3
201902,20155,2019,2,KS,20,KANSAS,155,RENO,WHEAT,11,WIND/EXCESS WIND,61,20784.0
201903,20155,2019,3,KS,20,KANSAS,155,RENO,WHEAT,11,WIND/EXCESS WIND,61,247.8
201908,20155,2019,8,KS,20,KANSAS,155,RENO,CORN,41,WIND/EXCESS WIND,61,1631.0
201910,20155,2019,10,KS,20,KANSAS,155,RENO,CORN,41,HOT WIND,62,8212.0
201911,20155,2019,11,KS,20,KANSAS,155,RENO,GRAIN SORGHUM,51,WIND/EXCESS WIND,61,5430.0
201907,20155,2019,7,KS,20,KANSAS,155,RENO,GRAIN SORGHUM,51,HOT WIND,62,1707.0
201907,20155,2019,7,KS,20,KANSAS,155,RENO,SOYBEANS,81,HOT WIND,62,1025.5
201907,20155,2019,7,KS,20,KANSAS,155,RENO,SOYBEANS,81,HOT WIND,62,1295.5
201907,20157,2019,7,KS,20,KANSAS,157,REPUBLIC,WHEAT,11,WIND/EXCESS WIND,61,2937.9
201908,20157,2019,8,KS,20,KANSAS,157,REPUBLIC,CORN,41,WIND/EXCESS WIND,61,9473.5
201911,20157,2019,11,KS,20,KANSAS,157,REPUBLIC,CORN,41,WIND/EXCESS WIND,61,389.0
201907,20157,2019,7,KS,20,KANSAS,157,REPUBLIC,CORN,41,WIND/EXCESS WIND,61,51507.0
201907,20157,2019,7,KS,20,KANSAS,157,REPUBLIC,CORN,41,WIND/EXCESS WIND,61,13744.0
201910,20157,2019,10,KS,20,KANSAS,157,REPUBLIC,CORN,41,WIND/EXCESS WIND,61,11328.3
201907,20157,2019,7,KS,20,KANSAS,157,REPUBLIC,CORN,41,WIND/EXCESS WIND,61,115.0
201907,20157,2019,7,KS,20,KANSAS,157,REPUBLIC,SOYBEANS,81,WIND/EXCESS WIND,61,4417.0
201908,20159,2019,8,KS,20,KANSAS,159,RICE,CORN,41,WIND/EXCESS WIND,61,881.76
201910,20159,2019,10,KS,20,KANSAS,159,RICE,CORN,41,WIND/EXCESS WIND,61,4199.0
201909,20159,2019,9,KS,20,KANSAS,159,RICE,GRAIN SORGHUM,51,WIND/EXCESS WIND,61,505.2
201909,20159,2019,9,KS,20,KANSAS,159,RICE,GRAIN SORGHUM,51,HOT WIND,62,1167.2
201907,20161,2019,7,KS,20,KANSAS,161,RILEY,CORN,41,WIND/EXCESS WIND,61,7748.0
201907,20161,2019,7,KS,20,KANSAS,161,RILEY,CORN,41,WIND/EXCESS WIND,61,5814.0
201909,20163,2019,9,KS,20,KANSAS,163,ROOKS,CORN,41,WIND/EXCESS WIND,61,57740.6
201908,20163,2019,8,KS,20,KANSAS,163,ROOKS,CORN,41,WIND/EXCESS WIND,61,4073.0
201910,20163,2019,10,KS,20,KANSAS,163,ROOKS,CORN,41,WIND/EXCESS WIND,61,65754.2
201907,20163,2019,7,KS,20,KANSAS,163,ROOKS,CORN,41,HOT WIND,62,19229.0
201909,20163,2019,9,KS,20,KANSAS,163,ROOKS,CORN,41,HOT WIND,62,1272.0
201910,20163,2019,10,KS,20,KANSAS,163,ROOKS,GRAIN SORGHUM,51,WIND/EXCESS WIND,61,580.0
201909,20163,2019,9,KS,20,KANSAS,163,ROOKS,GRAIN SORGHUM,51,WIND/EXCESS WIND,61,29232.0
201907,20163,2019,7,KS,20,KANSAS,163,ROOKS,GRAIN SORGHUM,51,WIND/EXCESS WIND,61,2320.0
201910,20163,2019,10,KS,20,KANSAS,163,ROOKS,GRAIN SORGHUM,51,WIND/EXCESS WIND,61,725.0
201908,20165,2019,8,KS,20,KANSAS,165,RUSH,CORN,41,WIND/EXCESS WIND,61,4620.0
201910,20165,2019,10,KS,20,KANSAS,165,RUSH,GRAIN SORGHUM,51,WIND/EXCESS WIND,61,713.2
201908,20165,2019,8,KS,20,KANSAS,165,RUSH,GRAIN SORGHUM,51,WIND/EXCESS WIND,61,5629.65
201907,20165,2019,7,KS,20,KANSAS,165,RUSH,GRAIN SORGHUM,51,WIND/EXCESS WIND,61,2721.0
201910,20165,2019,10,KS,20,KANSAS,165,RUSH,GRAIN SORGHUM,51,WIND/EXCESS WIND,61,16182.55
201907,20165,2019,7,KS,20,KANSAS,165,RUSH,GRAIN SORGHUM,51,WIND/EXCESS WIND,61,3543.0
201907,20165,2019,7,KS,20,KANSAS,165,RUSH,GRAIN SORGHUM,51,HOT WIND,62,2526.0
201908,20165,2019,8,KS,20,KANSAS,165,RUSH,SILAGE SORGHUM,59,WIND/EXCESS WIND,61,30087.0
201907,20165,2019,7,KS,20,KANSAS,165,RUSH,SOYBEANS,81,HOT WIND,62,1766.0
201907,20165,2019,7,KS,20,KANSAS,165,RUSH,SOYBEANS,81,HOT WIND,62,4481.0
201909,20167,2019,9,KS,20,KANSAS,167,RUSSELL,CORN,41,WIND/EXCESS WIND,61,4155.0
201910,20167,2019,10,KS,20,KANSAS,167,RUSSELL,GRAIN SORGHUM,51,WIND/EXCESS WIND,61,3721.5
201910,20167,2019,10,KS,20,KANSAS,167,RUSSELL,GRAIN SORGHUM,51,WIND/EXCESS WIND,61,1528.5
201910,20167,2019,10,KS,20,KANSAS,167,RUSSELL,GRAIN SORGHUM,51,WIND/EXCESS WIND,61,4599.0
201908,20167,2019,8,KS,20,KANSAS,167,RUSSELL,GRAIN SORGHUM,51,WIND/EXCESS WIND,61,3291.0
201910,20167,2019,10,KS,20,KANSAS,167,RUSSELL,GRAIN SORGHUM,51,WIND/EXCESS WIND,61,7830.0
201906,20169,2019,6,KS,20,KANSAS,169,SALINE,WHEAT,11,WIND/EXCESS WIND,61,-203.5
201810,20169,2018,10,KS,20,KANSAS,169,SALINE,WHEAT,11,WIND/EXCESS WIND,61,5241.0
201906,20169,2019,6,KS,20,KANSAS,169,SALINE,WHEAT,11,WIND/EXCESS WIND,61,325.75
201908,20171,2019,8,KS,20,KANSAS,171,SCOTT,CORN,41,WIND/EXCESS WIND,61,0.0
201907,20171,2019,7,KS,20,KANSAS,171,SCOTT,CORN,41,WIND/EXCESS WIND,61,735.5
201910,20171,2019,10,KS,20,KANSAS,171,SCOTT,CORN,41,WIND/EXCESS WIND,61,31430.0
201908,20171,2019,8,KS,20,KANSAS,171,SCOTT,CORN,41,WIND/EXCESS WIND,61,6345.0
201907,20171,2019,7,KS,20,KANSAS,171,SCOTT,CORN,41,HOT WIND,62,24433.61
201908,20171,2019,8,KS,20,KANSAS,171,SCOTT,CORN,41,HOT WIND,62,13720.0
201907,20171,2019,7,KS,20,KANSAS,171,SCOTT,GRAIN SORGHUM,51,HOT WIND,62,14443.5
201907,20173,2019,7,KS,20,KANSAS,173,SEDGWICK,CORN,41,HOT WIND,62,27082.0
201907,20173,2019,7,KS,20,KANSAS,173,SEDGWICK,CORN,41,HOT WIND,62,8567.75
201911,20173,2019,11,KS,20,KANSAS,173,SEDGWICK,GRAIN SORGHUM,51,WIND/EXCESS WIND,61,50027.0
201911,20173,2019,11,KS,20,KANSAS,173,SEDGWICK,GRAIN SORGHUM,51,WIND/EXCESS WIND,61,10695.0
201909,20173,2019,9,KS,20,KANSAS,173,SEDGWICK,SOYBEANS,81,HOT WIND,62,1624.0
201904,20175,2019,4,KS,20,KANSAS,175,SEWARD,WHEAT,11,WIND/EXCESS WIND,61,2064.0
201910,20175,2019,10,KS,20,KANSAS,175,SEWARD,CORN,41,HOT WIND,62,14606.0
201908,20175,2019,8,KS,20,KANSAS,175,SEWARD,CORN,41,HOT WIND,62,590.0
201907,20175,2019,7,KS,20,KANSAS,175,SEWARD,CORN,41,HOT WIND,62,7332.0
201908,20175,2019,8,KS,20,KANSAS,175,SEWARD,CORN,41,HOT WIND,62,7389.0
201908,20175,2019,8,KS,20,KANSAS,175,SEWARD,GRAIN SORGHUM,51,HOT WIND,62,6399.0
201908,20175,2019,8,KS,20,KANSAS,175,SEWARD,SOYBEANS,81,HOT WIND,62,10692.0
201810,20179,2018,10,KS,20,KANSAS,179,SHERIDAN,WHEAT,11,TORNADO,64,2867.0
201912,20179,2019,12,KS,20,KANSAS,179,SHERIDAN,CORN,41,WIND/EXCESS WIND,61,10449.0
201906,20179,2019,6,KS,20,KANSAS,179,SHERIDAN,CORN,41,WIND/EXCESS WIND,61,9979.0
201909,20179,2019,9,KS,20,KANSAS,179,SHERIDAN,CORN,41,WIND/EXCESS WIND,61,8258.0
201908,20179,2019,8,KS,20,KANSAS,179,SHERIDAN,CORN,41,WIND/EXCESS WIND,61,9678.5
201910,20179,2019,10,KS,20,KANSAS,179,SHERIDAN,CORN,41,WIND/EXCESS WIND,61,933300.0
201906,20179,2019,6,KS,20,KANSAS,179,SHERIDAN,CORN,41,WIND/EXCESS WIND,61,-435.0
201908,20179,2019,8,KS,20,KANSAS,179,SHERIDAN,CORN,41,WIND/EXCESS WIND,61,244935.5
201909,20179,2019,9,KS,20,KANSAS,179,SHERIDAN,CORN,41,WIND/EXCESS WIND,61,33656.0
201911,20179,2019,11,KS,20,KANSAS,179,SHERIDAN,CORN,41,WIND/EXCESS WIND,61,36034.0
201910,20179,2019,10,KS,20,KANSAS,179,SHERIDAN,GRAIN SORGHUM,51,WIND/EXCESS WIND,61,22173.0
201910,20179,2019,10,KS,20,KANSAS,179,SHERIDAN,GRAIN SORGHUM,51,WIND/EXCESS WIND,61,29765.0
201910,20179,2019,10,KS,20,KANSAS,179,SHERIDAN,GRAIN SORGHUM,51,WIND/EXCESS WIND,61,5771.0
201911,20179,2019,11,KS,20,KANSAS,179,SHERIDAN,GRAIN SORGHUM,51,HOT WIND,62,6788.0
201910,20179,2019,10,KS,20,KANSAS,179,SHERIDAN,SOYBEANS,81,WIND/EXCESS WIND,61,35722.0
201910,20181,2019,10,KS,20,KANSAS,181,SHERMAN,CORN,41,WIND/EXCESS WIND,61,195152.0
201907,20181,2019,7,KS,20,KANSAS,181,SHERMAN,CORN,41,WIND/EXCESS WIND,61,15994.0
201909,20181,2019,9,KS,20,KANSAS,181,SHERMAN,CORN,41,WIND/EXCESS WIND,61,33421.0
201909,20181,2019,9,KS,20,KANSAS,181,SHERMAN,DRY BEANS,47,WIND/EXCESS WIND,61,5359.0
201910,20181,2019,10,KS,20,KANSAS,181,SHERMAN,GRAIN SORGHUM,51,WIND/EXCESS WIND,61,2471.0
201910,20181,2019,10,KS,20,KANSAS,181,SHERMAN,SUNFLOWERS,78,WIND/EXCESS WIND,61,4495.5
201907,20181,2019,7,KS,20,KANSAS,181,SHERMAN,SOYBEANS,81,HOT WIND,62,5092.0
201910,20183,2019,10,KS,20,KANSAS,183,SMITH,CORN,41,WIND/EXCESS WIND,61,698.0
201910,20183,2019,10,KS,20,KANSAS,183,SMITH,GRAIN SORGHUM,51,WIND/EXCESS WIND,61,4191.0
201905,20185,2019,5,KS,20,KANSAS,185,STAFFORD,WHEAT,11,WIND/EXCESS WIND,61,522.5
201910,20185,2019,10,KS,20,KANSAS,185,STAFFORD,CORN,41,WIND/EXCESS WIND,61,13664.0
201908,20185,2019,8,KS,20,KANSAS,185,STAFFORD,CORN,41,HOT WIND,62,6659.5
201908,20185,2019,8,KS,20,KANSAS,185,STAFFORD,CORN,41,HOT WIND,62,5031.0
201907,20185,2019,7,KS,20,KANSAS,185,STAFFORD,CORN,41,HOT WIND,62,7471.16
201907,20185,2019,7,KS,20,KANSAS,185,STAFFORD,GRAIN SORGHUM,51,HOT WIND,62,3034.0
201910,20185,2019,10,KS,20,KANSAS,185,STAFFORD,SOYBEANS,81,WIND/EXCESS WIND,61,7110.0
201908,20187,2019,8,KS,20,KANSAS,187,STANTON,CORN,41,HOT WIND,62,583924.8
201906,20187,2019,6,KS,20,KANSAS,187,STANTON,CORN,41,HOT WIND,62,85998.0
201906,20187,2019,6,KS,20,KANSAS,187,STANTON,CORN,41,HOT WIND,62,29222.0
201906,20187,2019,6,KS,20,KANSAS,187,STANTON,GRAIN SORGHUM,51,WIND/EXCESS WIND,61,8231.0
201911,20187,2019,11,KS,20,KANSAS,187,STANTON,GRAIN SORGHUM,51,WIND/EXCESS WIND,61,1297.0
201908,20187,2019,8,KS,20,KANSAS,187,STANTON,GRAIN SORGHUM,51,HOT WIND,62,356.2
201907,20187,2019,7,KS,20,KANSAS,187,STANTON,GRAIN SORGHUM,51,HOT WIND,62,3737.0
201907,20189,2019,7,KS,20,KANSAS,189,STEVENS,WHEAT,11,HOT WIND,62,6496.0
201906,20189,2019,6,KS,20,KANSAS,189,STEVENS,WHEAT,11,HOT WIND,62,9716.0
201906,20189,2019,6,KS,20,KANSAS,189,STEVENS,WHEAT,11,HOT WIND,62,728.0
201906,20189,2019,6,KS,20,KANSAS,189,STEVENS,WHEAT,11,HOT WIND,62,13670.0
201905,20189,2019,5,KS,20,KANSAS,189,STEVENS,COTTON,21,WIND/EXCESS WIND,61,35439.0
201906,20189,2019,6,KS,20,KANSAS,189,STEVENS,COTTON,21,WIND/EXCESS WIND,61,7433.5
201909,20189,2019,9,KS,20,KANSAS,189,STEVENS,COTTON,21,WIND/EXCESS WIND,61,11868.0
201910,20189,2019,10,KS,20,KANSAS,189,STEVENS,CORN,41,WIND/EXCESS WIND,61,2971.5
201908,20189,2019,8,KS,20,KANSAS,189,STEVENS,CORN,41,HOT WIND,62,40081.1
201907,20189,2019,7,KS,20,KANSAS,189,STEVENS,CORN,41,HOT WIND,62,27959.15
201911,20189,2019,11,KS,20,KANSAS,189,STEVENS,CORN,41,HOT WIND,62,610.0
201901,20189,2019,1,KS,20,KANSAS,189,STEVENS,CORN,41,HOT WIND,62,7942.4
201908,20189,2019,8,KS,20,KANSAS,189,STEVENS,GRAIN SORGHUM,51,HOT WIND,62,1419.75
201908,20189,2019,8,KS,20,KANSAS,189,STEVENS,SUNFLOWERS,78,HOT WIND,62,40728.0
201908,20189,2019,8,KS,20,KANSAS,189,STEVENS,SOYBEANS,81,HOT WIND,62,60906.6
201907,20189,2019,7,KS,20,KANSAS,189,STEVENS,SOYBEANS,81,HOT WIND,62,18874.0
201911,20191,2019,11,KS,20,KANSAS,191,SUMNER,GRAIN SORGHUM,51,WIND/EXCESS WIND,61,8380.0
201911,20191,2019,11,KS,20,KANSAS,191,SUMNER,GRAIN SORGHUM,51,WIND/EXCESS WIND,61,311.0
201907,20191,2019,7,KS,20,KANSAS,191,SUMNER,SUNFLOWERS,78,HOT WIND,62,113.19
201907,20191,2019,7,KS,20,KANSAS,191,SUMNER,SUNFLOWERS,78,HOT WIND,62,374.22
201911,20191,2019,11,KS,20,KANSAS,191,SUMNER,SOYBEANS,81,WIND/EXCESS WIND,61,7006.0
201908,20193,2019,8,KS,20,KANSAS,193,THOMAS,WHEAT,11,HOT WIND,62,32442.0
201906,20193,2019,6,KS,20,KANSAS,193,THOMAS,WHEAT,11,HOT WIND,62,2654.0
201910,20193,2019,10,KS,20,KANSAS,193,THOMAS,CORN,41,WIND/EXCESS WIND,61,2675.0
201912,20193,2019,12,KS,20,KANSAS,193,THOMAS,CORN,41,WIND/EXCESS WIND,61,8990.0
201907,20193,2019,7,KS,20,KANSAS,193,THOMAS,CORN,41,WIND/EXCESS WIND,61,24201.0
201907,20193,2019,7,KS,20,KANSAS,193,THOMAS,CORN,41,WIND/EXCESS WIND,61,14122.0
201909,20193,2019,9,KS,20,KANSAS,193,THOMAS,CORN,41,WIND/EXCESS WIND,61,29099.5
201911,20193,2019,11,KS,20,KANSAS,193,THOMAS,CORN,41,WIND/EXCESS WIND,61,8991.0
201908,20193,2019,8,KS,20,KANSAS,193,THOMAS,CORN,41,WIND/EXCESS WIND,61,13574.0
201910,20193,2019,10,KS,20,KANSAS,193,THOMAS,CORN,41,WIND/EXCESS WIND,61,595605.4
201908,20193,2019,8,KS,20,KANSAS,193,THOMAS,CORN,41,WIND/EXCESS WIND,61,8157.1
201910,20193,2019,10,KS,20,KANSAS,193,THOMAS,DRY BEANS,47,WIND/EXCESS WIND,61,975.0
201910,20193,2019,10,KS,20,KANSAS,193,THOMAS,GRAIN SORGHUM,51,WIND/EXCESS WIND,61,13059.0
201909,20193,2019,9,KS,20,KANSAS,193,THOMAS,GRAIN SORGHUM,51,WIND/EXCESS WIND,61,15628.0
201911,20193,2019,11,KS,20,KANSAS,193,THOMAS,GRAIN SORGHUM,51,WIND/EXCESS WIND,61,2662.0
201910,20193,2019,10,KS,20,KANSAS,193,THOMAS,GRAIN SORGHUM,51,WIND/EXCESS WIND,61,47327.0
201908,20193,2019,8,KS,20,KANSAS,193,THOMAS,SUNFLOWERS,78,WIND/EXCESS WIND,61,34450.0
201911,20195,2019,11,KS,20,KANSAS,195,TREGO,CORN,41,WIND/EXCESS WIND,61,2042.0
201907,20195,2019,7,KS,20,KANSAS,195,TREGO,CORN,41,WIND/EXCESS WIND,61,566.0
201910,20195,2019,10,KS,20,KANSAS,195,TREGO,CORN,41,WIND/EXCESS WIND,61,109.0
201908,20195,2019,8,KS,20,KANSAS,195,TREGO,CORN,41,WIND/EXCESS WIND,61,7023.2
201908,20195,2019,8,KS,20,KANSAS,195,TREGO,CORN,41,WIND/EXCESS WIND,61,20871.83
201909,20195,2019,9,KS,20,KANSAS,195,TREGO,CORN,41,WIND/EXCESS WIND,61,19696.0
201910,20195,2019,10,KS,20,KANSAS,195,TREGO,CORN,41,WIND/EXCESS WIND,61,2234.88
201910,20195,2019,10,KS,20,KANSAS,195,TREGO,GRAIN SORGHUM,51,WIND/EXCESS WIND,61,22005.27
201907,20195,2019,7,KS,20,KANSAS,195,TREGO,GRAIN SORGHUM,51,WIND/EXCESS WIND,61,471.0
201908,20195,2019,8,KS,20,KANSAS,195,TREGO,GRAIN SORGHUM,51,WIND/EXCESS WIND,61,7630.0
201909,20195,2019,9,KS,20,KANSAS,195,TREGO,GRAIN SORGHUM,51,WIND/EXCESS WIND,61,25596.0
201906,20197,2019,6,KS,20,KANSAS,197,WABAUNSEE,SOYBEANS,81,HOT WIND,62,433.0
201909,20199,2019,9,KS,20,KANSAS,199,WALLACE,CORN,41,WIND/EXCESS WIND,61,35320.0
201910,20199,2019,10,KS,20,KANSAS,199,WALLACE,CORN,41,WIND/EXCESS WIND,61,29879.4
201911,20199,2019,11,KS,20,KANSAS,199,WALLACE,CORN,41,WIND/EXCESS WIND,61,7577.0
201910,20199,2019,10,KS,20,KANSAS,199,WALLACE,CORN,41,HOT WIND,62,33295.0
201907,20199,2019,7,KS,20,KANSAS,199,WALLACE,CORN,41,HOT WIND,62,4212.75
201910,20199,2019,10,KS,20,KANSAS,199,WALLACE,GRAIN SORGHUM,51,WIND/EXCESS WIND,61,18180.75
201908,20199,2019,8,KS,20,KANSAS,199,WALLACE,GRAIN SORGHUM,51,WIND/EXCESS WIND,61,491.75
201909,20199,2019,9,KS,20,KANSAS,199,WALLACE,SUNFLOWERS,78,WIND/EXCESS WIND,61,14750.0
201907,20201,2019,7,KS,20,KANSAS,201,WASHINGTON,WHEAT,11,WIND/EXCESS WIND,61,6399.0
201907,20201,2019,7,KS,20,KANSAS,201,WASHINGTON,WHEAT,11,WIND/EXCESS WIND,61,2984.2
201907,20201,2019,7,KS,20,KANSAS,201,WASHINGTON,WHEAT,11,WIND/EXCESS WIND,61,1005.0
201907,20201,2019,7,KS,20,KANSAS,201,WASHINGTON,WHEAT,11,WIND/EXCESS WIND,61,10043.88
201906,20201,2019,6,KS,20,KANSAS,201,WASHINGTON,CORN,41,WIND/EXCESS WIND,61,41930.0
201907,20201,2019,7,KS,20,KANSAS,201,WASHINGTON,CORN,41,WIND/EXCESS WIND,61,199186.19
201907,20201,2019,7,KS,20,KANSAS,201,WASHINGTON,CORN,41,WIND/EXCESS WIND,61,8644.0
201908,20201,2019,8,KS,20,KANSAS,201,WASHINGTON,CORN,41,WIND/EXCESS WIND,61,159.6
201907,20201,2019,7,KS,20,KANSAS,201,WASHINGTON,CORN,41,WIND/EXCESS WIND,61,305120.5
201907,20201,2019,7,KS,20,KANSAS,201,WASHINGTON,CORN,41,WIND/EXCESS WIND,61,24248.0
201906,20201,2019,6,KS,20,KANSAS,201,WASHINGTON,CORN,41,WIND/EXCESS WIND,61,35528.8
201910,20201,2019,10,KS,20,KANSAS,201,WASHINGTON,CORN,41,WIND/EXCESS WIND,61,303.0
201911,20201,2019,11,KS,20,KANSAS,201,WASHINGTON,CORN,41,WIND/EXCESS WIND,61,5467.0
201907,20201,2019,7,KS,20,KANSAS,201,WASHINGTON,GRAIN SORGHUM,51,WIND/EXCESS WIND,61,698.0
201907,20201,2019,7,KS,20,KANSAS,201,WASHINGTON,SOYBEANS,81,WIND/EXCESS WIND,61,1264.2
201906,20201,2019,6,KS,20,KANSAS,201,WASHINGTON,SOYBEANS,81,WIND/EXCESS WIND,61,11649.0
201910,20203,2019,10,KS,20,KANSAS,203,WICHITA,CORN,41,WIND/EXCESS WIND,61,22977.0
201910,20203,2019,10,KS,20,KANSAS,203,WICHITA,CORN,41,HOT WIND,62,1169.0
201908,20203,2019,8,KS,20,KANSAS,203,WICHITA,CORN,41,HOT WIND,62,17740.0
201907,20203,2019,7,KS,20,KANSAS,203,WICHITA,CORN,41,HOT WIND,62,36877.5
201907,20203,2019,7,KS,20,KANSAS,203,WICHITA,CORN,41,HOT WIND,62,1995.0
201907,20203,2019,7,KS,20,KANSAS,203,WICHITA,GRAIN SORGHUM,51,HOT WIND,62,60341.0
201907,20203,2019,7,KS,20,KANSAS,203,WICHITA,GRAIN SORGHUM,51,HOT WIND,62,13273.0
201908,20203,2019,8,KS,20,KANSAS,203,WICHITA,GRAIN SORGHUM,51,HOT WIND,62,16491.0
201906,31001,2019,6,NE,31,NEBRASKA,1,ADAMS,CORN,41,WIND/EXCESS WIND,61,916.0
201908,31001,2019,8,NE,31,NEBRASKA,1,ADAMS,CORN,41,WIND/EXCESS WIND,61,23248.5
201910,31001,2019,10,NE,31,NEBRASKA,1,ADAMS,CORN,41,WIND/EXCESS WIND,61,7614.5
201907,31001,2019,7,NE,31,NEBRASKA,1,ADAMS,CORN,41,WIND/EXCESS WIND,61,19755.25
201908,31001,2019,8,NE,31,NEBRASKA,1,ADAMS,POPCORN,43,WIND/EXCESS WIND,61,3287.0
201909,31001,2019,9,NE,31,NEBRASKA,1,ADAMS,HYBRID CORN SEED,62,WIND/EXCESS WIND,61,20441.0
201910,31001,2019,10,NE,31,NEBRASKA,1,ADAMS,SOYBEANS,81,WIND/EXCESS WIND,61,1325.0
201910,31003,2019,10,NE,31,NEBRASKA,3,ANTELOPE,CORN,41,WIND/EXCESS WIND,61,230.0
201910,31003,2019,10,NE,31,NEBRASKA,3,ANTELOPE,CORN,41,WIND/EXCESS WIND,61,64220.4
201910,31003,2019,10,NE,31,NEBRASKA,3,ANTELOPE,CORN,41,WIND/EXCESS WIND,61,2352.0
201901,31007,2019,1,NE,31,NEBRASKA,7,BANNER,WHEAT,11,WIND/EXCESS WIND,61,27019.0
201902,31007,2019,2,NE,31,NEBRASKA,7,BANNER,WHEAT,11,WIND/EXCESS WIND,61,1626.4
201903,31007,2019,3,NE,31,NEBRASKA,7,BANNER,WHEAT,11,WIND/EXCESS WIND,61,3468.0
201901,31007,2019,1,NE,31,NEBRASKA,7,BANNER,WHEAT,11,WIND/EXCESS WIND,61,18458.0
201910,31011,2019,10,NE,31,NEBRASKA,11,BOONE,CORN,41,WIND/EXCESS WIND,61,43774.0
201907,31011,2019,7,NE,31,NEBRASKA,11,BOONE,CORN,41,WIND/EXCESS WIND,61,73446.0
201903,31013,2019,3,NE,31,NEBRASKA,13,BOX BUTTE,WHEAT,11,WIND/EXCESS WIND,61,2579.0
201903,31013,2019,3,NE,31,NEBRASKA,13,BOX BUTTE,WHEAT,11,WIND/EXCESS WIND,61,475.0
201905,31013,2019,5,NE,31,NEBRASKA,13,BOX BUTTE,WHEAT,11,WIND/EXCESS WIND,61,21501.61
201904,31013,2019,4,NE,31,NEBRASKA,13,BOX BUTTE,WHEAT,11,WIND/EXCESS WIND,61,3698.0
201905,31013,2019,5,NE,31,NEBRASKA,13,BOX BUTTE,WHEAT,11,WIND/EXCESS WIND,61,1320.97
201907,31013,2019,7,NE,31,NEBRASKA,13,BOX BUTTE,CORN,41,WIND/EXCESS WIND,61,405.0
201908,31013,2019,8,NE,31,NEBRASKA,13,BOX BUTTE,DRY PEAS,67,WIND/EXCESS WIND,61,4015.74
201906,31019,2019,6,NE,31,NEBRASKA,19,BUFFALO,CORN,41,WIND/EXCESS WIND,61,1180.0
201909,31019,2019,9,NE,31,NEBRASKA,19,BUFFALO,CORN,41,WIND/EXCESS WIND,61,1226.0
201901,31019,2019,1,NE,31,NEBRASKA,19,BUFFALO,CORN,41,WIND/EXCESS WIND,61,3358.0
201910,31019,2019,10,NE,31,NEBRASKA,19,BUFFALO,CORN,41,WIND/EXCESS WIND,61,93337.0
201910,31019,2019,10,NE,31,NEBRASKA,19,BUFFALO,CORN,41,WIND/EXCESS WIND,61,503.5
201907,31019,2019,7,NE,31,NEBRASKA,19,BUFFALO,HYBRID CORN SEED,62,WIND/EXCESS WIND,61,103959.0
201910,31021,2019,10,NE,31,NEBRASKA,21,BURT,CORN,41,WIND/EXCESS WIND,61,2395.0
201906,31021,2019,6,NE,31,NEBRASKA,21,BURT,CORN,41,HOT WIND,62,7705.0
201906,31021,2019,6,NE,31,NEBRASKA,21,BURT,SOYBEANS,81,HOT WIND,62,3553.06
201906,31025,2019,6,NE,31,NEBRASKA,25,CASS,SOYBEANS,81,WIND/EXCESS WIND,61,2862.0
201906,31027,2019,6,NE,31,NEBRASKA,27,CEDAR,OATS,16,HOT WIND,62,761.0
201907,31027,2019,7,NE,31,NEBRASKA,27,CEDAR,CORN,41,WIND/EXCESS WIND,61,35969.9
201907,31027,2019,7,NE,31,NEBRASKA,27,CEDAR,CORN,41,WIND/EXCESS WIND,61,1776.5
201903,31029,2019,3,NE,31,NEBRASKA,29,CHASE,WHEAT,11,WIND/EXCESS WIND,61,7029.0
201909,31029,2019,9,NE,31,NEBRASKA,29,CHASE,CORN,41,WIND/EXCESS WIND,61,17731.7
201910,31029,2019,10,NE,31,NEBRASKA,29,CHASE,GRAIN SORGHUM,51,WIND/EXCESS WIND,61,288.0
201901,31033,2019,1,NE,31,NEBRASKA,33,CHEYENNE,WHEAT,11,WIND/EXCESS WIND,61,25081.0
201902,31033,2019,2,NE,31,NEBRASKA,33,CHEYENNE,WHEAT,11,WIND/EXCESS WIND,61,1078.4
201903,31033,2019,3,NE,31,NEBRASKA,33,CHEYENNE,WHEAT,11,WIND/EXCESS WIND,61,7273.25
201901,31033,2019,1,NE,31,NEBRASKA,33,CHEYENNE,WHEAT,11,WIND/EXCESS WIND,61,9550.0
201903,31033,2019,3,NE,31,NEBRASKA,33,CHEYENNE,WHEAT,11,WIND/EXCESS WIND,61,2353.4
201908,31033,2019,8,NE,31,NEBRASKA,33,CHEYENNE,MILLET,17,WIND/EXCESS WIND,61,241.0
201909,31033,2019,9,NE,31,NEBRASKA,33,CHEYENNE,MILLET,17,WIND/EXCESS WIND,61,3121.0
201910,31033,2019,10,NE,31,NEBRASKA,33,CHEYENNE,MILLET,17,WIND/EXCESS WIND,61,9424.0
201910,31033,2019,10,NE,31,NEBRASKA,33,CHEYENNE,CORN,41,WIND/EXCESS WIND,61,13311.0
201910,31033,2019,10,NE,31,NEBRASKA,33,CHEYENNE,GRAIN SORGHUM,51,WIND/EXCESS WIND,61,2274.6
201911,31033,2019,11,NE,31,NEBRASKA,33,CHEYENNE,GRAIN SORGHUM,51,WIND/EXCESS WIND,61,43499.0
201910,31035,2019,10,NE,31,NEBRASKA,35,CLAY,CORN,41,WIND/EXCESS WIND,61,3189.0
201908,31035,2019,8,NE,31,NEBRASKA,35,CLAY,CORN,41,WIND/EXCESS WIND,61,3055.8
201909,31035,2019,9,NE,31,NEBRASKA,35,CLAY,CORN,41,WIND/EXCESS WIND,61,6305.0
201908,31035,2019,8,NE,31,NEBRASKA,35,CLAY,CORN,41,WIND/EXCESS WIND,61,3693.0
201908,31035,2019,8,NE,31,NEBRASKA,35,CLAY,CORN,41,WIND/EXCESS WIND,61,168134.4
201910,31041,2019,10,NE,31,NEBRASKA,41,CUSTER,CORN,41,WIND/EXCESS WIND,61,22292.0
201903,31045,2019,3,NE,31,NEBRASKA,45,DAWES,WHEAT,11,WIND/EXCESS WIND,61,5742.0
201903,31045,2019,3,NE,31,NEBRASKA,45,DAWES,WHEAT,11,WIND/EXCESS WIND,61,3493.0
201905,31045,2019,5,NE,31,NEBRASKA,45,DAWES,WHEAT,11,WIND/EXCESS WIND,61,298.92
201907,31047,2019,7,NE,31,NEBRASKA,47,DAWSON,CORN,41,WIND/EXCESS WIND,61,7076.0
201910,31047,2019,10,NE,31,NEBRASKA,47,DAWSON,CORN,41,WIND/EXCESS WIND,61,89434.8
201910,31047,2019,10,NE,31,NEBRASKA,47,DAWSON,CORN,41,WIND/EXCESS WIND,61,650.0
201908,31047,2019,8,NE,31,NEBRASKA,47,DAWSON,CORN,41,WIND/EXCESS WIND,61,27371.0
201909,31047,2019,9,NE,31,NEBRASKA,47,DAWSON,CORN,41,WIND/EXCESS WIND,61,9309.0
201908,31047,2019,8,NE,31,NEBRASKA,47,DAWSON,CORN,41,WIND/EXCESS WIND,61,32872.0
201905,31047,2019,5,NE,31,NEBRASKA,47,DAWSON,CORN,41,WIND/EXCESS WIND,61,266.0
201910,31047,2019,10,NE,31,NEBRASKA,47,DAWSON,CORN,41,WIND/EXCESS WIND,61,2744.8
201903,31049,2019,3,NE,31,NEBRASKA,49,DEUEL,WHEAT,11,WIND/EXCESS WIND,61,2662.0
201901,31049,2019,1,NE,31,NEBRASKA,49,DEUEL,WHEAT,11,WIND/EXCESS WIND,61,16727.4
201902,31049,2019,2,NE,31,NEBRASKA,49,DEUEL,WHEAT,11,WIND/EXCESS WIND,61,11151.6
201908,31049,2019,8,NE,31,NEBRASKA,49,DEUEL,DRY PEAS,67,WIND/EXCESS WIND,61,823.5
201911,31057,2019,11,NE,31,NEBRASKA,57,DUNDY,CORN,41,WIND/EXCESS WIND,61,9536.0
201910,31057,2019,10,NE,31,NEBRASKA,57,DUNDY,CORN,41,WIND/EXCESS WIND,61,438665.0
201909,31061,2019,9,NE,31,NEBRASKA,61,FRANKLIN,CORN,41,WIND/EXCESS WIND,61,18647.0
201907,31061,2019,7,NE,31,NEBRASKA,61,FRANKLIN,CORN,41,WIND/EXCESS WIND,61,32922.0
201906,31061,2019,6,NE,31,NEBRASKA,61,FRANKLIN,CORN,41,WIND/EXCESS WIND,61,10043.0
201909,31063,2019,9,NE,31,NEBRASKA,63,FRONTIER,CORN,41,WIND/EXCESS WIND,61,59871.0
201910,31063,2019,10,NE,31,NEBRASKA,63,FRONTIER,CORN,41,WIND/EXCESS WIND,61,35285.0
201910,31063,2019,10,NE,31,NEBRASKA,63,FRONTIER,GRAIN SORGHUM,51,WIND/EXCESS WIND,61,20139.0
201910,31063,2019,10,NE,31,NEBRASKA,63,FRONTIER,GRAIN SORGHUM,51,WIND/EXCESS WIND,61,11427.0
201910,31065,2019,10,NE,31,NEBRASKA,65,FURNAS,CORN,41,WIND/EXCESS WIND,61,-391.0
201910,31065,2019,10,NE,31,NEBRASKA,65,FURNAS,CORN,41,WIND/EXCESS WIND,61,37154.0
201910,31065,2019,10,NE,31,NEBRASKA,65,FURNAS,GRAIN SORGHUM,51,WIND/EXCESS WIND,61,2849.4
201911,31065,2019,11,NE,31,NEBRASKA,65,FURNAS,GRAIN SORGHUM,51,WIND/EXCESS WIND,61,2742.5
201910,31065,2019,10,NE,31,NEBRASKA,65,FURNAS,SOYBEANS,81,WIND/EXCESS WIND,61,9365.0
201903,31069,2019,3,NE,31,NEBRASKA,69,GARDEN,WHEAT,11,WIND/EXCESS WIND,61,14238.0
201910,31071,2019,10,NE,31,NEBRASKA,71,GARFIELD,CORN,41,WIND/EXCESS WIND,61,16954.8
201908,31071,2019,8,NE,31,NEBRASKA,71,GARFIELD,CORN,41,WIND/EXCESS WIND,61,57987.0
201910,31073,2019,10,NE,31,NEBRASKA,73,GOSPER,CORN,41,WIND/EXCESS WIND,61,46557.0
201908,31077,2019,8,NE,31,NEBRASKA,77,GREELEY,CORN,41,WIND/EXCESS WIND,61,2002.8
201910,31077,2019,10,NE,31,NEBRASKA,77,GREELEY,CORN,41,WIND/EXCESS WIND,61,197328.8
201911,31077,2019,11,NE,31,NEBRASKA,77,GREELEY,SOYBEANS,81,WIND/EXCESS WIND,61,5193.0
201910,31079,2019,10,NE,31,NEBRASKA,79,HALL,CORN,41,WIND/EXCESS WIND,61,44679.0
201907,31079,2019,7,NE,31,NEBRASKA,79,HALL,CORN,41,WIND/EXCESS WIND,61,40.0
201908,31079,2019,8,NE,31,NEBRASKA,79,HALL,CORN,41,WIND/EXCESS WIND,61,148.0
201908,31079,2019,8,NE,31,NEBRASKA,79,HALL,CORN,41,WIND/EXCESS WIND,61,255455.0
201907,31079,2019,7,NE,31,NEBRASKA,79,HALL,CORN,41,WIND/EXCESS WIND,61,2059.0
201908,31079,2019,8,NE,31,NEBRASKA,79,HALL,CORN,41,WIND/EXCESS WIND,61,112860.3
201910,31079,2019,10,NE,31,NEBRASKA,79,HALL,CORN,41,HOT WIND,62,1296.0
201908,31079,2019,8,NE,31,NEBRASKA,79,HALL,POPCORN,43,WIND/EXCESS WIND,61,80100.8
201908,31079,2019,8,NE,31,NEBRASKA,79,HALL,HYBRID CORN SEED,62,WIND/EXCESS WIND,61,3038.0
201907,31079,2019,7,NE,31,NEBRASKA,79,HALL,HYBRID CORN SEED,62,WIND/EXCESS WIND,61,29004.0
201908,31079,2019,8,NE,31,NEBRASKA,79,HALL,SOYBEANS,81,WIND/EXCESS WIND,61,19641.0
201909,31083,2019,9,NE,31,NEBRASKA,83,HARLAN,CORN,41,WIND/EXCESS WIND,61,506.0
201906,31083,2019,6,NE,31,NEBRASKA,83,HARLAN,CORN,41,WIND/EXCESS WIND,61,113346.0
201910,31083,2019,10,NE,31,NEBRASKA,83,HARLAN,CORN,41,WIND/EXCESS WIND,61,96671.0
201906,31083,2019,6,NE,31,NEBRASKA,83,HARLAN,CORN,41,WIND/EXCESS WIND,61,-83394.0
201907,31083,2019,7,NE,31,NEBRASKA,83,HARLAN,CORN,41,WIND/EXCESS WIND,61,4601.0
201910,31083,2019,10,NE,31,NEBRASKA,83,HARLAN,GRAIN SORGHUM,51,WIND/EXCESS WIND,61,2096.0
201910,31083,2019,10,NE,31,NEBRASKA,83,HARLAN,SOYBEANS,81,WIND/EXCESS WIND,61,4501.0
201910,31085,2019,10,NE,31,NEBRASKA,85,HAYES,CORN,41,WIND/EXCESS WIND,61,286159.0
201910,31085,2019,10,NE,31,NEBRASKA,85,HAYES,GRAIN SORGHUM,51,WIND/EXCESS WIND,61,286.65
201910,31085,2019,10,NE,31,NEBRASKA,85,HAYES,GRAIN SORGHUM,51,WIND/EXCESS WIND,61,5531.0
201910,31085,2019,10,NE,31,NEBRASKA,85,HAYES,SOYBEANS,81,WIND/EXCESS WIND,61,130078.5
201910,31087,2019,10,NE,31,NEBRASKA,87,HITCHCOCK,CORN,41,WIND/EXCESS WIND,61,56569.0
201911,31087,2019,11,NE,31,NEBRASKA,87,HITCHCOCK,CORN,41,WIND/EXCESS WIND,61,10504.0
201910,31087,2019,10,NE,31,NEBRASKA,87,HITCHCOCK,GRAIN SORGHUM,51,WIND/EXCESS WIND,61,352.0
201910,31087,2019,10,NE,31,NEBRASKA,87,HITCHCOCK,SOYBEANS,81,WIND/EXCESS WIND,61,2110.8
201910,31093,2019,10,NE,31,NEBRASKA,93,HOWARD,CORN,41,WIND/EXCESS WIND,61,229265.15
201908,31093,2019,8,NE,31,NEBRASKA,93,HOWARD,CORN,41,WIND/EXCESS WIND,61,21496.6
201912,31095,2019,12,NE,31,NEBRASKA,95,JEFFERSON,GRAIN SORGHUM,51,WIND/EXCESS WIND,61,8181.0
201912,31095,2019,12,NE,31,NEBRASKA,95,JEFFERSON,GRAIN SORGHUM,51,WIND/EXCESS WIND,61,29017.0
201905,31097,2019,5,NE,31,NEBRASKA,97,JOHNSON,CORN,41,WIND/EXCESS WIND,61,2301.0
201910,31097,2019,10,NE,31,NEBRASKA,97,JOHNSON,SOYBEANS,81,WIND/EXCESS WIND,61,950.0
201907,31099,2019,7,NE,31,NEBRASKA,99,KEARNEY,CORN,41,WIND/EXCESS WIND,61,37501.25
201906,31099,2019,6,NE,31,NEBRASKA,99,KEARNEY,CORN,41,WIND/EXCESS WIND,61,7312.0
201910,31099,2019,10,NE,31,NEBRASKA,99,KEARNEY,CORN,41,WIND/EXCESS WIND,61,48222.0
201907,31099,2019,7,NE,31,NEBRASKA,99,KEARNEY,CORN,41,WIND/EXCESS WIND,61,2062.0
201910,31099,2019,10,NE,31,NEBRASKA,99,KEARNEY,SOYBEANS,81,WIND/EXCESS WIND,61,154.0
201910,31101,2019,10,NE,31,NEBRASKA,101,KEITH,CORN,41,WIND/EXCESS WIND,61,14004.0
201903,31105,2019,3,NE,31,NEBRASKA,105,KIMBALL,WHEAT,11,WIND/EXCESS WIND,61,6535.13
201902,31105,2019,2,NE,31,NEBRASKA,105,KIMBALL,WHEAT,11,WIND/EXCESS WIND,61,1853.0
201903,31105,2019,3,NE,31,NEBRASKA,105,KIMBALL,WHEAT,11,WIND/EXCESS WIND,61,2806.0
201910,31105,2019,10,NE,31,NEBRASKA,105,KIMBALL,CORN,41,WIND/EXCESS WIND,61,21883.0
201910,31105,2019,10,NE,31,NEBRASKA,105,KIMBALL,SUNFLOWERS,78,WIND/EXCESS WIND,61,8636.5
201910,31105,2019,10,NE,31,NEBRASKA,105,KIMBALL,SUNFLOWERS,78,WIND/EXCESS WIND,61,16544.0
201907,31107,2019,7,NE,31,NEBRASKA,107,KNOX,CORN,41,WIND/EXCESS WIND,61,19827.0
201909,31107,2019,9,NE,31,NEBRASKA,107,KNOX,CORN,41,WIND/EXCESS WIND,61,3928.0
201909,31109,2019,9,NE,31,NEBRASKA,109,LANCASTER,CORN,41,WIND/EXCESS WIND,61,13847.0
201910,31111,2019,10,NE,31,NEBRASKA,111,LINCOLN,CORN,41,WIND/EXCESS WIND,61,508678.3
201910,31111,2019,10,NE,31,NEBRASKA,111,LINCOLN,CORN,41,WIND/EXCESS WIND,61,65860.0
201911,31111,2019,11,NE,31,NEBRASKA,111,LINCOLN,CORN,41,WIND/EXCESS WIND,61,4851.5
201911,31111,2019,11,NE,31,NEBRASKA,111,LINCOLN,CORN,41,WIND/EXCESS WIND,61,5689.5
201911,31111,2019,11,NE,31,NEBRASKA,111,LINCOLN,SOYBEANS,81,HOT WIND,62,10471.0
201910,31117,2019,10,NE,31,NEBRASKA,117,MCPHERSON,CORN,41,WIND/EXCESS WIND,61,27682.0
201910,31121,2019,10,NE,31,NEBRASKA,121,MERRICK,CORN,41,WIND/EXCESS WIND,61,3184.0
201903,31123,2019,3,NE,31,NEBRASKA,123,MORRILL,WHEAT,11,WIND/EXCESS WIND,61,1149.0
201901,31123,2019,1,NE,31,NEBRASKA,123,MORRILL,WHEAT,11,WIND/EXCESS WIND,61,29608.0
201901,31123,2019,1,NE,31,NEBRASKA,123,MORRILL,WHEAT,11,WIND/EXCESS WIND,61,728.0
201903,31123,2019,3,NE,31,NEBRASKA,123,MORRILL,WHEAT,11,WIND/EXCESS WIND,61,14444.0
201906,31129,2019,6,NE,31,NEBRASKA,129,NUCKOLLS,WHEAT,11,WIND/EXCESS WIND,61,1117.44
201907,31129,2019,7,NE,31,NEBRASKA,129,NUCKOLLS,CORN,41,HOT WIND,62,3832.0
201908,31129,2019,8,NE,31,NEBRASKA,129,NUCKOLLS,GRAIN SORGHUM,51,WIND/EXCESS WIND,61,26790.0
201810,31135,2018,10,NE,31,NEBRASKA,135,PERKINS,WHEAT,11,HOT WIND,62,14531.4
201910,31137,2019,10,NE,31,NEBRASKA,137,PHELPS,CORN,41,WIND/EXCESS WIND,61,33616.0
201906,31137,2019,6,NE,31,NEBRASKA,137,PHELPS,CORN,41,WIND/EXCESS WIND,61,41639.0
201907,31137,2019,7,NE,31,NEBRASKA,137,PHELPS,CORN,41,WIND/EXCESS WIND,61,1381.5
201910,31141,2019,10,NE,31,NEBRASKA,141,PLATTE,CORN,41,WIND/EXCESS WIND,61,3731.0
201910,31141,2019,10,NE,31,NEBRASKA,141,PLATTE,CORN,41,WIND/EXCESS WIND,61,33513.0
201912,31145,2019,12,NE,31,NEBRASKA,145,RED WILLOW,CORN,41,WIND/EXCESS WIND,61,29357.0
201908,31145,2019,8,NE,31,NEBRASKA,145,RED WILLOW,CORN,41,WIND/EXCESS WIND,61,34756.0
201910,31145,2019,10,NE,31,NEBRASKA,145,RED WILLOW,CORN,41,WIND/EXCESS WIND,61,266880.5
201908,31145,2019,8,NE,31,NEBRASKA,145,RED WILLOW,POPCORN,43,WIND/EXCESS WIND,61,14248.0
201910,31145,2019,10,NE,31,NEBRASKA,145,RED WILLOW,GRAIN SORGHUM,51,WIND/EXCESS WIND,61,11000.0
201910,31145,2019,10,NE,31,NEBRASKA,145,RED WILLOW,GRAIN SORGHUM,51,WIND/EXCESS WIND,61,19606.0
201905,31147,2019,5,NE,31,NEBRASKA,147,RICHARDSON,SOYBEANS,81,WIND/EXCESS WIND,61,22947.0
201912,31155,2019,12,NE,31,NEBRASKA,155,SAUNDERS,CORN,41,WIND/EXCESS WIND,61,23800.0
201901,31157,2019,1,NE,31,NEBRASKA,157,SCOTTS BLUFF,WHEAT,11,WIND/EXCESS WIND,61,2493.0
201811,31157,2018,11,NE,31,NEBRASKA,157,SCOTTS BLUFF,WHEAT,11,WIND/EXCESS WIND,61,12412.0
201911,31157,2019,11,NE,31,NEBRASKA,157,SCOTTS BLUFF,CORN,41,WIND/EXCESS WIND,61,132.0
201906,31157,2019,6,NE,31,NEBRASKA,157,SCOTTS BLUFF,DRY BEANS,47,WIND/EXCESS WIND,61,9893.0
201902,31161,2019,2,NE,31,NEBRASKA,161,SHERIDAN,WHEAT,11,WIND/EXCESS WIND,61,24966.5
201908,31161,2019,8,NE,31,NEBRASKA,161,SHERIDAN,DRY PEAS,67,WIND/EXCESS WIND,61,2703.0
201908,31163,2019,8,NE,31,NEBRASKA,163,SHERMAN,CORN,41,WIND/EXCESS WIND,61,11999.5
201908,31163,2019,8,NE,31,NEBRASKA,163,SHERMAN,CORN,41,WIND/EXCESS WIND,61,5536.0
201910,31163,2019,10,NE,31,NEBRASKA,163,SHERMAN,CORN,41,WIND/EXCESS WIND,61,129499.0
201910,31163,2019,10,NE,31,NEBRASKA,163,SHERMAN,CORN,41,WIND/EXCESS WIND,61,75359.75
201910,31163,2019,10,NE,31,NEBRASKA,163,SHERMAN,SOYBEANS,81,WIND/EXCESS WIND,61,39.5
201901,31165,2019,1,NE,31,NEBRASKA,165,SIOUX,WHEAT,11,WIND/EXCESS WIND,61,1063.6
201907,31167,2019,7,NE,31,NEBRASKA,167,STANTON,CORN,41,WIND/EXCESS WIND,61,2226.0
201910,31167,2019,10,NE,31,NEBRASKA,167,STANTON,CORN,41,WIND/EXCESS WIND,61,20049.58
201909,31169,2019,9,NE,31,NEBRASKA,169,THAYER,CORN,41,WIND/EXCESS WIND,61,4088.0
201907,31175,2019,7,NE,31,NEBRASKA,175,VALLEY,CORN,41,WIND/EXCESS WIND,61,21770.0
201910,31175,2019,10,NE,31,NEBRASKA,175,VALLEY,CORN,41,WIND/EXCESS WIND,61,130963.0
201907,31175,2019,7,NE,31,NEBRASKA,175,VALLEY,CORN,41,WIND/EXCESS WIND,61,539.0
201910,31177,2019,10,NE,31,NEBRASKA,177,WASHINGTON,CORN,41,WIND/EXCESS WIND,61,1819.34
201910,31181,2019,10,NE,31,NEBRASKA,181,WEBSTER,CORN,41,WIND/EXCESS WIND,61,40189.0
201906,31181,2019,6,NE,31,NEBRASKA,181,WEBSTER,CORN,41,WIND/EXCESS WIND,61,2180.0
201910,31185,2019,10,NE,31,NEBRASKA,185,YORK,CORN,41,WIND/EXCESS WIND,61,6388.5
